url,http://datalab.naver.com/keyword/trendResult.naver?hashKey=N_4e9c102450b9e7975a88542bd3a6c1a8
주제,통검
범위,합계
기간,일간 : 2016-01-01 ~ 2022-05-17
성별,"전체(여성,남성)"
연령대,전체
날짜,비트코인
2016-01-01,0.04181
2016-01-02,0.04777
2016-01-03,0.04528
2016-01-04,0.0615
2016-01-05,0.06184
2016-01-06,0.05967
2016-01-07,0.0664
2016-01-08,0.06167
2016-01-09,0.04769
2016-01-10,0.04321
2016-01-11,0.05941
2016-01-12,0.05826
2016-01-13,0.06245
2016-01-14,0.05757
2016-01-15,0.05322
2016-01-16,0.05284
2016-01-17,0.04468
2016-01-18,0.12051
2016-01-19,0.08979
2016-01-20,0.33185
2016-01-21,0.18374
2016-01-22,0.07887
2016-01-23,0.06932
2016-01-24,0.04754
2016-01-25,0.06417
2016-01-26,0.05843
2016-01-27,0.05683
2016-01-28,0.06104
2016-01-29,0.05975
2016-01-30,0.04003
2016-01-31,0.03711
2016-02-01,0.04763
2016-02-02,0.05359
2016-02-03,0.06015
2016-02-04,0.07675
2016-02-05,0.047
2016-02-06,0.03639
2016-02-07,0.02831
2016-02-08,0.02843
2016-02-09,0.04241
2016-02-10,0.04683
2016-02-11,0.06503
2016-02-12,0.05872
2016-02-13,0.04396
2016-02-14,0.04138
2016-02-15,0.05889
2016-02-16,0.06328
2016-02-17,0.06047
2016-02-18,0.06517
2016-02-19,0.05691
2016-02-20,0.0474
2016-02-21,0.04792
2016-02-22,0.06477
2016-02-23,0.06268
2016-02-24,0.06434
2016-02-25,0.05938
2016-02-26,0.05775
2016-02-27,0.04046
2016-02-28,0.04201
2016-02-29,0.05439
2016-03-01,0.04706
2016-03-02,0.05038
2016-03-03,0.04918
2016-03-04,0.07087
2016-03-05,0.05327
2016-03-06,0.0486
2016-03-07,0.06419
2016-03-08,0.05634
2016-03-09,0.06408
2016-03-10,0.05302
2016-03-11,0.06273
2016-03-12,0.05052
2016-03-13,0.05219
2016-03-14,0.06239
2016-03-15,0.05932
2016-03-16,0.048
2016-03-17,0.04339
2016-03-18,0.06001
2016-03-19,0.02997
2016-03-20,0.02848
2016-03-21,0.03955
2016-03-22,0.05307
2016-03-23,0.04241
2016-03-24,0.03803
2016-03-25,0.03743
2016-03-26,0.03639
2016-03-27,0.03783
2016-03-28,0.04585
2016-03-29,0.04717
2016-03-30,0.04708
2016-03-31,0.04009
2016-04-01,0.07285
2016-04-02,0.04734
2016-04-03,0.0415
2016-04-04,0.05975
2016-04-05,0.05792
2016-04-06,0.06207
2016-04-07,0.05454
2016-04-08,0.05107
2016-04-09,0.03872
2016-04-10,0.03846
2016-04-11,0.04935
2016-04-12,0.05058
2016-04-13,0.04574
2016-04-14,0.05557
2016-04-15,0.04746
2016-04-16,0.03986
2016-04-17,0.03914
2016-04-18,0.07027
2016-04-19,0.05637
2016-04-20,0.04814
2016-04-21,0.05603
2016-04-22,0.05408
2016-04-23,0.07357
2016-04-24,0.04554
2016-04-25,0.06904
2016-04-26,0.06643
2016-04-27,0.06331
2016-04-28,0.07294
2016-04-29,0.08586
2016-04-30,0.07119
2016-05-01,0.0572
2016-05-02,0.59025
2016-05-03,4.2261
2016-05-04,0.55024
2016-05-05,0.07606
2016-05-06,0.05494
2016-05-07,0.05135
2016-05-08,0.04703
2016-05-09,0.06488
2016-05-10,0.07036
2016-05-11,0.07222
2016-05-12,0.06746
2016-05-13,0.05818
2016-05-14,0.04321
2016-05-15,0.04124
2016-05-16,0.06944
2016-05-17,0.06316
2016-05-18,0.06133
2016-05-19,0.06202
2016-05-20,0.06987
2016-05-21,0.05087
2016-05-22,0.04508
2016-05-23,0.06348
2016-05-24,0.06709
2016-05-25,0.07199
2016-05-26,0.06789
2016-05-27,0.06758
2016-05-28,0.06012
2016-05-29,0.06887
2016-05-30,0.12071
2016-05-31,0.12467
2016-06-01,0.10455
2016-06-02,0.09962
2016-06-03,0.12579
2016-06-04,0.06995
2016-06-05,0.05829
2016-06-06,0.07314
2016-06-07,0.10667
2016-06-08,0.09403
2016-06-09,0.09036
2016-06-10,0.08085
2016-06-11,0.11593
2016-06-12,0.11659
2016-06-13,0.16293
2016-06-14,0.20096
2016-06-15,0.16132
2016-06-16,0.16213
2016-06-17,0.17949
2016-06-18,0.10704
2016-06-19,0.12799
2016-06-20,0.13519
2016-06-21,0.13966
2016-06-22,0.12888
2016-06-23,0.15115
2016-06-24,0.68257
2016-06-25,0.31199
2016-06-26,0.25137
2016-06-27,0.36014
2016-06-28,0.21678
2016-06-29,0.1735
2016-06-30,0.14146
2016-07-01,0.1613
2016-07-02,0.09268
2016-07-03,0.10051
2016-07-04,0.11438
2016-07-05,0.1177
2016-07-06,0.13831
2016-07-07,0.11773
2016-07-08,0.10025
2016-07-09,0.06818
2016-07-10,0.07663
2016-07-11,0.10455
2016-07-12,0.09758
2016-07-13,0.09489
2016-07-14,0.08641
2016-07-15,0.07827
2016-07-16,0.0605
2016-07-17,0.06528
2016-07-18,0.09234
2016-07-19,0.0809
2016-07-20,0.07574
2016-07-21,0.07262
2016-07-22,0.0764
2016-07-23,0.06093
2016-07-24,0.06844
2016-07-25,0.40345
2016-07-26,0.11948
2016-07-27,0.16972
2016-07-28,0.13444
2016-07-29,0.12593
2016-07-30,0.11796
2016-07-31,0.06442
2016-08-01,0.11358
2016-08-02,0.10544
2016-08-03,0.13934
2016-08-04,0.09125
2016-08-05,0.07285
2016-08-06,0.04909
2016-08-07,0.04792
2016-08-08,0.08798
2016-08-09,0.07156
2016-08-10,0.06637
2016-08-11,0.06184
2016-08-12,0.06101
2016-08-13,0.04513
2016-08-14,0.04021
2016-08-15,0.05187
2016-08-16,0.06614
2016-08-17,0.06703
2016-08-18,0.06422
2016-08-19,0.06351
2016-08-20,0.0531
2016-08-21,0.05164
2016-08-22,0.06505
2016-08-23,0.06038
2016-08-24,0.08268
2016-08-25,0.10102
2016-08-26,0.07423
2016-08-27,0.05734
2016-08-28,0.0509
2016-08-29,0.06669
2016-08-30,0.08471
2016-08-31,0.08973
2016-09-01,0.07402
2016-09-02,0.05488
2016-09-03,0.04488
2016-09-04,0.04892
2016-09-05,0.066
2016-09-06,0.06454
2016-09-07,0.07279
2016-09-08,0.06772
2016-09-09,0.06425
2016-09-10,0.04611
2016-09-11,0.04565
2016-09-12,0.06268
2016-09-13,0.06199
2016-09-14,0.06276
2016-09-15,0.05476
2016-09-16,0.05706
2016-09-17,0.05032
2016-09-18,0.05201
2016-09-19,0.07764
2016-09-20,0.09136
2016-09-21,0.0952
2016-09-22,0.07832
2016-09-23,0.06437
2016-09-24,0.04986
2016-09-25,0.05024
2016-09-26,0.10054
2016-09-27,0.07517
2016-09-28,0.06677
2016-09-29,0.0572
2016-09-30,0.05958
2016-10-01,0.05663
2016-10-02,0.05112
2016-10-03,0.05359
2016-10-04,0.07288
2016-10-05,0.07076
2016-10-06,0.06778
2016-10-07,0.05961
2016-10-08,0.05075
2016-10-09,0.05388
2016-10-10,0.07059
2016-10-11,0.07173
2016-10-12,0.13504
2016-10-13,0.09045
2016-10-14,1.11081
2016-10-15,0.62731
2016-10-16,0.07572
2016-10-17,0.13246
2016-10-18,0.10248
2016-10-19,0.12851
2016-10-20,0.08337
2016-10-21,0.0713
2016-10-22,0.07248
2016-10-23,0.06875
2016-10-24,0.20331
2016-10-25,0.20208
2016-10-26,0.10885
2016-10-27,0.09784
2016-10-28,0.09403
2016-10-29,0.08262
2016-10-30,0.07337
2016-10-31,0.08626
2016-11-01,0.09331
2016-11-02,0.10076
2016-11-03,0.10005
2016-11-04,0.11971
2016-11-05,0.0881
2016-11-06,0.07147
2016-11-07,0.09606
2016-11-08,0.09191
2016-11-09,0.17422
2016-11-10,0.13069
2016-11-11,0.09174
2016-11-12,0.06491
2016-11-13,0.06402
2016-11-14,0.11022
2016-11-15,0.10673
2016-11-16,0.09489
2016-11-17,0.19494
2016-11-18,0.14138
2016-11-19,0.08698
2016-11-20,0.07958
2016-11-21,0.13318
2016-11-22,0.10845
2016-11-23,0.10051
2016-11-24,0.09839
2016-11-25,0.09179
2016-11-26,0.05892
2016-11-27,0.06153
2016-11-28,0.09125
2016-11-29,0.0944
2016-11-30,0.09016
2016-12-01,0.09414
2016-12-02,0.10913
2016-12-03,0.06861
2016-12-04,0.06646
2016-12-05,0.10114
2016-12-06,0.09913
2016-12-07,0.07901
2016-12-08,0.07941
2016-12-09,0.07629
2016-12-10,0.0697
2016-12-11,0.06121
2016-12-12,0.09552
2016-12-13,0.10799
2016-12-14,0.10268
2016-12-15,0.09291
2016-12-16,0.08102
2016-12-17,0.16405
2016-12-18,0.09704
2016-12-19,0.13381
2016-12-20,0.10423
2016-12-21,0.16072
2016-12-22,0.27104
2016-12-23,0.17798
2016-12-24,0.13103
2016-12-25,0.10423
2016-12-26,0.15499
2016-12-27,0.16912
2016-12-28,0.18437
2016-12-29,0.1813
2016-12-30,0.13653
2016-12-31,0.09767
2017-01-01,0.09546
2017-01-02,0.19901
2017-01-03,0.31354
2017-01-04,0.29935
2017-01-05,2.39445
2017-01-06,0.44644
2017-01-07,0.27083
2017-01-08,1.5811
2017-01-09,0.31486
2017-01-10,0.34512
2017-01-11,0.28104
2017-01-12,0.32343
2017-01-13,0.23736
2017-01-14,0.15055
2017-01-15,0.14788
2017-01-16,0.17548
2017-01-17,0.25516
2017-01-18,0.22271
2017-01-19,0.17815
2017-01-20,0.15465
2017-01-21,0.13238
2017-01-22,0.13748
2017-01-23,0.18692
2017-01-24,0.17981
2017-01-25,0.19044
2017-01-26,0.17156
2017-01-27,0.10529
2017-01-28,0.10569
2017-01-29,0.10521
2017-01-30,0.12146
2017-01-31,0.1613
2017-02-01,0.18706
2017-02-02,0.18316
2017-02-03,0.17717
2017-02-04,0.14499
2017-02-05,0.14848
2017-02-06,0.27963
2017-02-07,0.19775
2017-02-08,0.19583
2017-02-09,0.19165
2017-02-10,0.20039
2017-02-11,0.12438
2017-02-12,0.10756
2017-02-13,0.16184
2017-02-14,0.2396
2017-02-15,0.17373
2017-02-16,0.16445
2017-02-17,0.17161
2017-02-18,0.11948
2017-02-19,0.11134
2017-02-20,0.15278
2017-02-21,0.18623
2017-02-22,0.17007
2017-02-23,0.19139
2017-02-24,0.26252
2017-02-25,0.14516
2017-02-26,0.12722
2017-02-27,0.1782
2017-02-28,0.17972
2017-03-01,0.16012
2017-03-02,0.29843
2017-03-03,0.3273
2017-03-04,0.2592
2017-03-05,0.18783
2017-03-06,0.30139
2017-03-07,0.25438
2017-03-08,0.36011
2017-03-09,0.30339
2017-03-10,0.21922
2017-03-11,0.24421
2017-03-12,0.18511
2017-03-13,0.33652
2017-03-14,0.29554
2017-03-15,0.26364
2017-03-16,0.43787
2017-03-17,0.68188
2017-03-18,0.3346
2017-03-19,0.32727
2017-03-20,0.39622
2017-03-21,0.33584
2017-03-22,0.36897
2017-03-23,0.42305
2017-03-24,0.36817
2017-03-25,0.38677
2017-03-26,0.24977
2017-03-27,0.29058
2017-03-28,0.28511
2017-03-29,0.27657
2017-03-30,0.27582
2017-03-31,0.23372
2017-04-01,0.19689
2017-04-02,0.17316
2017-04-03,0.31801
2017-04-04,0.29752
2017-04-05,0.36934
2017-04-06,0.27906
2017-04-07,0.25997
2017-04-08,0.18503
2017-04-09,0.16674
2017-04-10,0.26318
2017-04-11,0.25814
2017-04-12,0.2627
2017-04-13,0.38324
2017-04-14,0.3514
2017-04-15,0.18422
2017-04-16,0.18276
2017-04-17,0.23071
2017-04-18,0.24771
2017-04-19,0.26975
2017-04-20,0.24054
2017-04-21,0.22269
2017-04-22,0.16344
2017-04-23,0.14545
2017-04-24,0.22002
2017-04-25,0.21509
2017-04-26,0.24424
2017-04-27,0.33409
2017-04-28,0.40531
2017-04-29,0.25286
2017-04-30,0.24074
2017-05-01,0.50295
2017-05-02,0.52173
2017-05-03,0.32162
2017-05-04,0.46426
2017-05-05,1.26073
2017-05-06,0.48487
2017-05-07,0.36645
2017-05-08,0.63691
2017-05-09,0.59607
2017-05-10,0.66457
2017-05-11,0.65494
2017-05-12,0.64442
2017-05-13,0.61072
2017-05-14,0.71536
2017-05-15,1.39893
2017-05-16,1.17639
2017-05-17,1.89344
2017-05-18,0.90721
2017-05-19,0.83152
2017-05-20,0.77594
2017-05-21,0.74066
2017-05-22,20.59489
2017-05-23,3.71426
2017-05-24,3.59414
2017-05-25,39.82592
2017-05-26,6.67598
2017-05-27,4.38333
2017-05-28,1.91382
2017-05-29,2.38588
2017-05-30,2.15703
2017-05-31,2.22123
2017-06-01,2.37854
2017-06-02,2.17663
2017-06-03,1.37896
2017-06-04,1.65109
2017-06-05,1.50538
2017-06-06,1.34138
2017-06-07,3.19654
2017-06-08,1.52441
2017-06-09,1.32992
2017-06-10,3.39346
2017-06-11,2.32294
2017-06-12,39.97636
2017-06-13,7.63894
2017-06-14,3.24999
2017-06-15,5.97656
2017-06-16,2.50333
2017-06-17,1.72778
2017-06-18,1.42794
2017-06-19,2.21549
2017-06-20,2.62158
2017-06-21,2.15852
2017-06-22,2.15898
2017-06-23,1.8898
2017-06-24,1.59308
2017-06-25,5.51756
2017-06-26,13.11942
2017-06-27,11.3334
2017-06-28,2.66019
2017-06-29,1.74673
2017-06-30,1.34092
2017-07-01,1.12726
2017-07-02,1.19616
2017-07-03,1.44531
2017-07-04,1.44075
2017-07-05,1.18043
2017-07-06,1.05286
2017-07-07,1.11193
2017-07-08,1.5189
2017-07-09,0.76574
2017-07-10,1.24081
2017-07-11,7.48592
2017-07-12,1.48125
2017-07-13,1.35167
2017-07-14,1.16122
2017-07-15,3.4478
2017-07-16,15.36908
2017-07-17,5.24813
2017-07-18,1.88464
2017-07-19,41.29023
2017-07-20,1.71193
2017-07-21,1.86449
2017-07-22,0.93214
2017-07-23,0.87213
2017-07-24,1.1436
2017-07-25,1.34198
2017-07-26,1.34743
2017-07-27,1.18822
2017-07-28,1.19605
2017-07-29,0.91638
2017-07-30,0.80819
2017-07-31,2.48653
2017-08-01,7.78757
2017-08-02,1.90284
2017-08-03,1.05189
2017-08-04,1.14583
2017-08-05,1.2325
2017-08-06,1.06988
2017-08-07,1.20811
2017-08-08,1.61125
2017-08-09,1.54292
2017-08-10,1.07742
2017-08-11,1.17114
2017-08-12,1.23331
2017-08-13,1.5167
2017-08-14,1.70944
2017-08-15,4.13456
2017-08-16,1.34006
2017-08-17,1.42948
2017-08-18,1.4202
2017-08-19,1.12623
2017-08-20,1.08244
2017-08-21,1.44361
2017-08-22,1.6267
2017-08-23,2.15642
2017-08-24,1.71443
2017-08-25,1.73005
2017-08-26,0.90222
2017-08-27,0.92013
2017-08-28,1.20141
2017-08-29,1.23144
2017-08-30,1.40409
2017-08-31,1.41418
2017-09-01,1.37618
2017-09-02,10.74864
2017-09-03,1.63956
2017-09-04,2.43133
2017-09-05,5.24105
2017-09-06,1.74624
2017-09-07,1.53206
2017-09-08,3.18728
2017-09-09,6.32378
2017-09-10,1.79493
2017-09-11,1.9491
2017-09-12,1.43318
2017-09-13,2.49086
2017-09-14,4.03316
2017-09-15,10.87059
2017-09-16,2.29173
2017-09-17,1.34883
2017-09-18,1.85498
2017-09-19,1.67152
2017-09-20,1.72294
2017-09-21,1.32929
2017-09-22,1.64598
2017-09-23,1.09058
2017-09-24,0.97247
2017-09-25,1.57717
2017-09-26,1.57855
2017-09-27,1.4171
2017-09-28,1.54573
2017-09-29,1.34904
2017-09-30,0.83298
2017-10-01,0.86061
2017-10-02,1.89444
2017-10-03,1.13692
2017-10-04,0.78004
2017-10-05,0.9647
2017-10-06,0.91016
2017-10-07,1.09138
2017-10-08,0.9461
2017-10-09,1.40025
2017-10-10,6.41632
2017-10-11,1.28008
2017-10-12,2.57065
2017-10-13,18.87504
2017-10-14,2.31446
2017-10-15,1.45241
2017-10-16,1.9125
2017-10-17,1.80132
2017-10-18,3.30014
2017-10-19,2.78486
2017-10-20,1.41375
2017-10-21,3.78949
2017-10-22,1.57992
2017-10-23,2.2277
2017-10-24,3.82428
2017-10-25,1.63286
2017-10-26,1.51509
2017-10-27,1.5805
2017-10-28,0.93896
2017-10-29,0.90354
2017-10-30,1.41902
2017-10-31,1.39767
2017-11-01,2.42342
2017-11-02,7.54273
2017-11-03,2.99844
2017-11-04,1.91585
2017-11-05,1.39314
2017-11-06,1.83838
2017-11-07,2.59951
2017-11-08,1.75853
2017-11-09,3.00695
2017-11-10,2.29783
2017-11-11,4.21997
2017-11-12,29.03299
2017-11-13,8.46009
2017-11-14,3.78768
2017-11-15,2.56501
2017-11-16,2.24645
2017-11-17,2.359
2017-11-18,1.99862
2017-11-19,1.45691
2017-11-20,2.18497
2017-11-21,3.16727
2017-11-22,1.98165
2017-11-23,2.08847
2017-11-24,2.66996
2017-11-25,2.10464
2017-11-26,15.88276
2017-11-27,27.01946
2017-11-28,6.13505
2017-11-29,8.42561
2017-11-30,20.86252
2017-12-01,6.6501
2017-12-02,4.55048
2017-12-03,4.51889
2017-12-04,9.64301
2017-12-05,7.74022
2017-12-06,13.99058
2017-12-07,16.02036
2017-12-08,46.66386
2017-12-09,18.17888
2017-12-10,24.26481
2017-12-11,28.65992
2017-12-12,16.04352
2017-12-13,26.65505
2017-12-14,11.83507
2017-12-15,12.21029
2017-12-16,7.29639
2017-12-17,9.14756
2017-12-18,9.47179
2017-12-19,14.20814
2017-12-20,13.77247
2017-12-21,13.2565
2017-12-22,47.22171
2017-12-23,14.71597
2017-12-24,8.6814
2017-12-25,7.36205
2017-12-26,8.17953
2017-12-27,7.67947
2017-12-28,39.44084
2017-12-29,12.15391
2017-12-30,13.78107
2017-12-31,8.91573
2018-01-01,7.49724
2018-01-02,9.871
2018-01-03,12.80083
2018-01-04,17.52147
2018-01-05,14.94775
2018-01-06,19.93352
2018-01-07,33.27767
2018-01-08,32.01934
2018-01-09,30.79615
2018-01-10,33.22978
2018-01-11,42.84637
2018-01-12,31.04122
2018-01-13,15.23286
2018-01-14,19.40038
2018-01-15,18.9082
2018-01-16,27.00413
2018-01-17,35.38171
2018-01-18,24.9732
2018-01-19,14.45505
2018-01-20,8.94522
2018-01-21,14.25382
2018-01-22,11.92669
2018-01-23,11.80188
2018-01-24,8.88767
2018-01-25,8.58373
2018-01-26,8.73494
2018-01-27,6.00682
2018-01-28,5.17564
2018-01-29,7.32855
2018-01-30,8.30051
2018-01-31,12.4028
2018-02-01,9.95598
2018-02-02,18.31636
2018-02-03,8.20105
2018-02-04,6.35487
2018-02-05,8.16139
2018-02-06,12.24511
2018-02-07,8.00783
2018-02-08,6.20845
2018-02-09,5.37541
2018-02-10,6.95998
2018-02-11,4.29354
2018-02-12,4.21888
2018-02-13,3.66837
2018-02-14,3.12655
2018-02-15,2.7709
2018-02-16,2.74648
2018-02-17,2.86365
2018-02-18,9.61647
2018-02-19,6.94619
2018-02-20,3.37692
2018-02-21,4.48476
2018-02-22,6.03932
2018-02-23,3.21388
2018-02-24,2.15714
2018-02-25,1.89186
2018-02-26,2.84785
2018-02-27,2.31056
2018-02-28,2.16494
2018-03-01,2.58326
2018-03-02,1.90384
2018-03-03,1.44488
2018-03-04,1.5917
2018-03-05,2.324
2018-03-06,2.04577
2018-03-07,5.00555
2018-03-08,8.07773
2018-03-09,5.86656
2018-03-10,1.70531
2018-03-11,3.48053
2018-03-12,2.33205
2018-03-13,2.20535
2018-03-14,2.58911
2018-03-15,4.96258
2018-03-16,2.36648
2018-03-17,2.07701
2018-03-18,9.89605
2018-03-19,7.86051
2018-03-20,5.25598
2018-03-21,2.95089
2018-03-22,2.43844
2018-03-23,2.30959
2018-03-24,1.41556
2018-03-25,1.31347
2018-03-26,2.24582
2018-03-27,6.16465
2018-03-28,1.89198
2018-03-29,2.49742
2018-03-30,4.57553
2018-03-31,1.78267
2018-04-01,2.01585
2018-04-02,2.25648
2018-04-03,1.95491
2018-04-04,1.8665
2018-04-05,2.43271
2018-04-06,1.69465
2018-04-07,1.37365
2018-04-08,1.3018
2018-04-09,1.84807
2018-04-10,1.69133
2018-04-11,1.46987
2018-04-12,12.18676
2018-04-13,6.15244
2018-04-14,1.70012
2018-04-15,1.31112
2018-04-16,1.82308
2018-04-17,1.56046
2018-04-18,1.88326
2018-04-19,2.12553
2018-04-20,2.53379
2018-04-21,2.78325
2018-04-22,1.44711
2018-04-23,1.85618
2018-04-24,9.96836
2018-04-25,11.852
2018-04-26,2.3641
2018-04-27,1.59881
2018-04-28,1.21852
2018-04-29,3.6046
2018-04-30,1.70351
2018-05-01,2.62706
2018-05-02,5.2734
2018-05-03,1.58924
2018-05-04,1.73452
2018-05-05,1.08791
2018-05-06,1.38111
2018-05-07,6.56848
2018-05-08,1.79648
2018-05-09,6.1441
2018-05-10,1.44662
2018-05-11,18.93041
2018-05-12,6.73072
2018-05-13,1.74317
2018-05-14,2.44154
2018-05-15,1.64363
2018-05-16,2.99233
2018-05-17,1.44852
2018-05-18,1.59583
2018-05-19,0.92406
2018-05-20,0.92131
2018-05-21,1.14314
2018-05-22,1.0618
2018-05-23,8.46212
2018-05-24,9.88221
2018-05-25,1.44152
2018-05-26,1.04784
2018-05-27,1.11244
2018-05-28,2.38751
2018-05-29,2.57558
2018-05-30,11.75252
2018-05-31,1.39114
2018-06-01,1.12041
2018-06-02,0.89208
2018-06-03,0.92919
2018-06-04,1.36256
2018-06-05,1.15334
2018-06-06,0.89898
2018-06-07,1.11634
2018-06-08,0.94137
2018-06-09,0.71616
2018-06-10,1.58385
2018-06-11,70.62981
2018-06-12,2.11593
2018-06-13,2.0873
2018-06-14,1.76117
2018-06-15,1.20083
2018-06-16,1.18464
2018-06-17,0.87795
2018-06-18,1.30292
2018-06-19,1.2855
2018-06-20,6.07844
2018-06-21,1.32123
2018-06-22,2.91526
2018-06-23,3.93213
2018-06-24,2.40789
2018-06-25,2.40634
2018-06-26,1.14357
2018-06-27,1.20089
2018-06-28,1.02515
2018-06-29,1.46104
2018-06-30,1.27274
2018-07-01,0.91466
2018-07-02,1.06811
2018-07-03,1.31129
2018-07-04,1.05604
2018-07-05,1.01669
2018-07-06,0.93028
2018-07-07,0.67664
2018-07-08,0.65276
2018-07-09,0.95261
2018-07-10,1.18994
2018-07-11,1.14489
2018-07-12,1.05487
2018-07-13,0.93286
2018-07-14,0.72802
2018-07-15,0.65408
2018-07-16,0.85665
2018-07-17,1.11964
2018-07-18,70.49204
2018-07-19,9.66992
2018-07-20,1.34929
2018-07-21,2.09329
2018-07-22,0.73121
2018-07-23,1.57247
2018-07-24,1.43857
2018-07-25,3.26644
2018-07-26,1.05375
2018-07-27,0.97674
2018-07-28,0.68655
2018-07-29,0.59805
2018-07-30,0.8535
2018-07-31,2.88551
2018-08-01,1.16658
2018-08-02,0.87551
2018-08-03,1.01339
2018-08-04,0.69756
2018-08-05,0.77657
2018-08-06,0.83524
2018-08-07,0.90477
2018-08-08,6.31936
2018-08-09,4.40087
2018-08-10,1.17335
2018-08-11,1.19106
2018-08-12,0.76543
2018-08-13,0.97843
2018-08-14,3.52504
2018-08-15,0.86476
2018-08-16,0.777
2018-08-17,0.74989
2018-08-18,0.65133
2018-08-19,0.55964
2018-08-20,0.72178
2018-08-21,0.77374
2018-08-22,0.88121
2018-08-23,0.80228
2018-08-24,1.35869
2018-08-25,0.48997
2018-08-26,0.4865
2018-08-27,0.62553
2018-08-28,0.7126
2018-08-29,0.73525
2018-08-30,0.64075
2018-08-31,0.581
2018-09-01,0.43999
2018-09-02,0.52491
2018-09-03,0.64494
2018-09-04,0.66864
2018-09-05,1.08066
2018-09-06,39.53161
2018-09-07,1.01044
2018-09-08,0.57108
2018-09-09,0.88153
2018-09-10,0.81782
2018-09-11,0.76574
2018-09-12,1.09321
2018-09-13,0.75909
2018-09-14,0.77655
2018-09-15,0.52302
2018-09-16,0.48292
2018-09-17,0.63064
2018-09-18,0.89792
2018-09-19,0.74829
2018-09-20,0.68821
2018-09-21,26.77347
2018-09-22,5.67339
2018-09-23,0.76196
2018-09-24,0.70624
2018-09-25,0.77861
2018-09-26,0.77818
2018-09-27,0.94885
2018-09-28,0.82667
2018-09-29,0.64133
2018-09-30,0.702
2018-10-01,0.88382
2018-10-02,0.81925
2018-10-03,0.64136
2018-10-04,0.73143
2018-10-05,0.66612
2018-10-06,0.49828
2018-10-07,0.53546
2018-10-08,0.6321
2018-10-09,0.50975
2018-10-10,0.70203
2018-10-11,2.58002
2018-10-12,0.9404
2018-10-13,0.49169
2018-10-14,0.49433
2018-10-15,2.92681
2018-10-16,0.75809
2018-10-17,0.67128
2018-10-18,0.58661
2018-10-19,0.57303
2018-10-20,0.39476
2018-10-21,0.39519
2018-10-22,0.55262
2018-10-23,0.57655
2018-10-24,0.59633
2018-10-25,0.61261
2018-10-26,0.55125
2018-10-27,0.38407
2018-10-28,0.39141
2018-10-29,0.76422
2018-10-30,0.73568
2018-10-31,0.56059
2018-11-01,0.58982
2018-11-02,0.52726
2018-11-03,0.39898
2018-11-04,0.39172
2018-11-05,0.71768
2018-11-06,1.06346
2018-11-07,0.78486
2018-11-08,0.6744
2018-11-09,0.54623
2018-11-10,0.43563
2018-11-11,0.40582
2018-11-12,0.63686
2018-11-13,0.63078
2018-11-14,0.61576
2018-11-15,28.30052
2018-11-16,0.97992
2018-11-17,0.628
2018-11-18,0.59814
2018-11-19,1.79301
2018-11-20,6.24272
2018-11-21,1.77653
2018-11-22,1.09399
2018-11-23,1.35018
2018-11-24,0.75966
2018-11-25,1.77822
2018-11-26,1.3366
2018-11-27,1.25001
2018-11-28,1.06857
2018-11-29,0.93676
2018-11-30,0.77569
2018-12-01,0.54964
2018-12-02,0.54875
2018-12-03,0.70532
2018-12-04,0.86299
2018-12-05,0.712
2018-12-06,0.89531
2018-12-07,2.40987
2018-12-08,0.82905
2018-12-09,0.88944
2018-12-10,0.94587
2018-12-11,0.8306
2018-12-12,0.71619
2018-12-13,0.65442
2018-12-14,0.66824
2018-12-15,0.63751
2018-12-16,0.58888
2018-12-17,0.69441
2018-12-18,5.7064
2018-12-19,1.17544
2018-12-20,1.04512
2018-12-21,1.37199
2018-12-22,0.62281
2018-12-23,0.63213
2018-12-24,0.99803
2018-12-25,0.80409
2018-12-26,0.72908
2018-12-27,0.581
2018-12-28,0.63069
2018-12-29,0.52477
2018-12-30,0.79967
2018-12-31,0.74006
2019-01-01,0.47128
2019-01-02,0.68071
2019-01-03,0.65861
2019-01-04,0.56222
2019-01-05,0.4432
2019-01-06,0.445
2019-01-07,0.63218
2019-01-08,0.54858
2019-01-09,0.51568
2019-01-10,2.11031
2019-01-11,3.10012
2019-01-12,0.41821
2019-01-13,0.39786
2019-01-14,0.62983
2019-01-15,0.51886
2019-01-16,0.48177
2019-01-17,0.5687
2019-01-18,0.54477
2019-01-19,0.41884
2019-01-20,0.43128
2019-01-21,0.48659
2019-01-22,0.4671
2019-01-23,0.39118
2019-01-24,0.45349
2019-01-25,0.43385
2019-01-26,0.34724
2019-01-27,0.33475
2019-01-28,0.60851
2019-01-29,0.59513
2019-01-30,0.45804
2019-01-31,0.48951
2019-02-01,0.45853
2019-02-02,0.29262
2019-02-03,0.2876
2019-02-04,0.34197
2019-02-05,0.29735
2019-02-06,0.35707
2019-02-07,0.55391
2019-02-08,0.4941
2019-02-09,0.52445
2019-02-10,0.35077
2019-02-11,0.44033
2019-02-12,0.41098
2019-02-13,0.39585
2019-02-14,0.40651
2019-02-15,0.40528
2019-02-16,0.29821
2019-02-17,0.32027
2019-02-18,0.60533
2019-02-19,0.81163
2019-02-20,0.54294
2019-02-21,0.55707
2019-02-22,0.46495
2019-02-23,0.32546
2019-02-24,0.66789
2019-02-25,0.68819
2019-02-26,0.47441
2019-02-27,0.40038
2019-02-28,0.38321
2019-03-01,0.29617
2019-03-02,0.27215
2019-03-03,0.27367
2019-03-04,0.44139
2019-03-05,0.38204
2019-03-06,0.39554
2019-03-07,0.38682
2019-03-08,0.37771
2019-03-09,0.31202
2019-03-10,0.29591
2019-03-11,0.37802
2019-03-12,0.4246
2019-03-13,0.39204
2019-03-14,0.38542
2019-03-15,0.34286
2019-03-16,0.30812
2019-03-17,0.32417
2019-03-18,0.42689
2019-03-19,0.40319
2019-03-20,0.41875
2019-03-21,0.35255
2019-03-22,0.34607
2019-03-23,0.25258
2019-03-24,0.26986
2019-03-25,0.37774
2019-03-26,0.36401
2019-03-27,0.35412
2019-03-28,0.39336
2019-03-29,0.37186
2019-03-30,0.42861
2019-03-31,0.36742
2019-04-01,0.46911
2019-04-02,100.0
2019-04-03,30.65224
2019-04-04,2.41319
2019-04-05,1.00067
2019-04-06,0.64124
2019-04-07,0.73527
2019-04-08,1.28171
2019-04-09,0.85278
2019-04-10,0.73616
2019-04-11,1.05346
2019-04-12,0.70716
2019-04-13,0.4058
2019-04-14,0.39092
2019-04-15,0.54703
2019-04-16,0.59802
2019-04-17,0.53485
2019-04-18,0.54658
2019-04-19,0.45994
2019-04-20,0.36166
2019-04-21,0.37828
2019-04-22,0.45486
2019-04-23,0.66758
2019-04-24,0.84201
2019-04-25,0.55039
2019-04-26,0.59945
2019-04-27,0.3475
2019-04-28,0.30468
2019-04-29,0.4945
2019-04-30,0.46105
2019-05-01,0.36192
2019-05-02,0.4152
2019-05-03,0.58515
2019-05-04,0.44755
2019-05-05,0.38132
2019-05-06,0.3976
2019-05-07,0.69498
2019-05-08,0.63743
2019-05-09,0.7764
2019-05-10,0.80426
2019-05-11,2.31555
2019-05-12,7.91726
2019-05-13,2.15499
2019-05-14,36.13522
2019-05-15,4.84066
2019-05-16,3.26704
2019-05-17,2.69206
2019-05-18,1.07246
2019-05-19,1.03962
2019-05-20,1.39552
2019-05-21,1.11325
2019-05-22,0.94083
2019-05-23,0.99648
2019-05-24,0.76729
2019-05-25,0.53901
2019-05-26,0.49891
2019-05-27,11.18548
2019-05-28,2.93484
2019-05-29,1.37417
2019-05-30,1.21992
2019-05-31,1.18352
2019-06-01,0.68864
2019-06-02,0.65534
2019-06-03,0.91045
2019-06-04,1.2695
2019-06-05,0.98491
2019-06-06,0.61593
2019-06-07,0.75167
2019-06-08,0.49725
2019-06-09,0.45592
2019-06-10,0.73745
2019-06-11,0.6098
2019-06-12,0.54517
2019-06-13,0.57051
2019-06-14,0.6268
2019-06-15,0.51207
2019-06-16,0.83825
2019-06-17,0.8938
2019-06-18,0.84014
2019-06-19,0.76789
2019-06-20,0.66615
2019-06-21,0.79793
2019-06-22,1.40716
2019-06-23,0.98906
2019-06-24,1.24778
2019-06-25,1.66413
2019-06-26,4.71871
2019-06-27,14.24972
2019-06-28,2.80249
2019-06-29,1.01511
2019-06-30,0.86932
2019-07-01,1.37652
2019-07-02,1.56806
2019-07-03,1.09359
2019-07-04,0.9594
2019-07-05,0.82553
2019-07-06,0.53127
2019-07-07,0.56635
2019-07-08,0.79784
2019-07-09,1.04461
2019-07-10,0.91288
2019-07-11,1.51805
2019-07-12,1.57175
2019-07-13,0.5806
2019-07-14,0.73046
2019-07-15,1.38283
2019-07-16,0.89033
2019-07-17,5.47781
2019-07-18,0.86373
2019-07-19,0.74918
2019-07-20,0.46567
2019-07-21,0.53365
2019-07-22,0.58937
2019-07-23,0.63706
2019-07-24,0.67715
2019-07-25,0.57624
2019-07-26,0.49625
2019-07-27,0.44859
2019-07-28,0.41445
2019-07-29,0.53288
2019-07-30,0.52273
2019-07-31,0.4896
2019-08-01,0.47948
2019-08-02,0.56174
2019-08-03,0.38373
2019-08-04,0.35017
2019-08-05,1.10559
2019-08-06,3.82517
2019-08-07,0.81928
2019-08-08,0.68936
2019-08-09,0.60997
2019-08-10,0.45326
2019-08-11,0.40155
2019-08-12,0.51875
2019-08-13,0.57114
2019-08-14,0.62424
2019-08-15,0.89448
2019-08-16,0.56813
2019-08-17,0.38264
2019-08-18,0.40376
2019-08-19,0.94561
2019-08-20,0.64984
2019-08-21,0.61301
2019-08-22,0.52439
2019-08-23,0.43176
2019-08-24,0.32595
2019-08-25,0.31348
2019-08-26,0.48369
2019-08-27,0.45277
2019-08-28,0.4152
2019-08-29,1.77765
2019-08-30,0.46636
2019-08-31,0.31165
2019-09-01,0.2886
2019-09-02,0.39104
2019-09-03,0.51324
2019-09-04,0.44678
2019-09-05,0.38943
2019-09-06,0.37352
2019-09-07,0.32549
2019-09-08,0.30743
2019-09-09,0.40287
2019-09-10,0.3976
2019-09-11,0.42944
2019-09-12,0.33202
2019-09-13,0.31122
2019-09-14,0.29287
2019-09-15,0.33128
2019-09-16,0.48547
2019-09-17,0.49771
2019-09-18,0.75691
2019-09-19,0.62823
2019-09-20,0.46994
2019-09-21,0.31772
2019-09-22,0.31497
2019-09-23,0.5736
2019-09-24,0.57641
2019-09-25,40.80472
2019-09-26,1.17908
2019-09-27,0.81455
2019-09-28,0.40196
2019-09-29,0.37622
2019-09-30,0.61757
2019-10-01,0.57535
2019-10-02,0.43391
2019-10-03,0.31096
2019-10-04,0.40411
2019-10-05,0.29884
2019-10-06,0.30293
2019-10-07,0.54895
2019-10-08,0.47223
2019-10-09,0.32581
2019-10-10,0.5172
2019-10-11,0.44122
2019-10-12,0.29434
2019-10-13,0.28284
2019-10-14,0.43924
2019-10-15,0.44334
2019-10-16,0.46016
2019-10-17,0.47452
2019-10-18,0.45968
2019-10-19,0.29517
2019-10-20,0.28817
2019-10-21,0.41958
2019-10-22,0.39665
2019-10-23,0.6462
2019-10-24,0.97691
2019-10-25,0.56197
2019-10-26,12.94691
2019-10-27,0.99955
2019-10-28,1.03721
2019-10-29,0.71702
2019-10-30,0.60094
2019-10-31,0.48868
2019-11-01,0.45088
2019-11-02,0.3234
2019-11-03,0.33587
2019-11-04,0.45125
2019-11-05,0.46893
2019-11-06,0.43738
2019-11-07,0.49272
2019-11-08,0.44205
2019-11-09,0.31795
2019-11-10,0.27757
2019-11-11,0.43434
2019-11-12,0.39215
2019-11-13,0.35687
2019-11-14,0.35452
2019-11-15,0.35991
2019-11-16,0.26439
2019-11-17,0.24739
2019-11-18,0.35512
2019-11-19,0.57426
2019-11-20,0.37129
2019-11-21,0.47088
2019-11-22,0.85826
2019-11-23,0.45595
2019-11-24,0.36636
2019-11-25,1.11287
2019-11-26,0.68609
2019-11-27,0.693
2019-11-28,0.78463
2019-11-29,0.42832
2019-11-30,0.3066
2019-12-01,0.30445
2019-12-02,0.37226
2019-12-03,0.35544
2019-12-04,0.39519
2019-12-05,0.36143
2019-12-06,0.31841
2019-12-07,0.23429
2019-12-08,0.32449
2019-12-09,0.38866
2019-12-10,0.31549
2019-12-11,0.30583
2019-12-12,0.32821
2019-12-13,0.29686
2019-12-14,0.23114
2019-12-15,0.25676
2019-12-16,0.34762
2019-12-17,0.59111
2019-12-18,4.69306
2019-12-19,0.44801
2019-12-20,0.31466
2019-12-21,0.21684
2019-12-22,0.23484
2019-12-23,0.3594
2019-12-24,0.29179
2019-12-25,0.22314
2019-12-26,0.28729
2019-12-27,0.28385
2019-12-28,0.23303
2019-12-29,0.3303
2019-12-30,0.3575
2019-12-31,0.26697
2020-01-01,0.23954
2020-01-02,0.33254
2020-01-03,0.43557
2020-01-04,0.38186
2020-01-05,0.31623
2020-01-06,0.76052
2020-01-07,0.74599
2020-01-08,4.93983
2020-01-09,0.65339
2020-01-10,0.48487
2020-01-11,0.34042
2020-01-12,0.35925
2020-01-13,0.44033
2020-01-14,0.65205
2020-01-15,5.98384
2020-01-16,0.70137
2020-01-17,0.84115
2020-01-18,0.48948
2020-01-19,0.69524
2020-01-20,0.60693
2020-01-21,0.46266
2020-01-22,0.4356
2020-01-23,0.37132
2020-01-24,0.26737
2020-01-25,0.26708
2020-01-26,0.26917
2020-01-27,0.42655
2020-01-28,0.66534
2020-01-29,0.59418
2020-01-30,0.50049
2020-01-31,0.52176
2020-02-01,0.37006
2020-02-02,0.42196
2020-02-03,0.55294
2020-02-04,0.49269
2020-02-05,0.67354
2020-02-06,0.7707
2020-02-07,0.71034
2020-02-08,0.47312
2020-02-09,0.60051
2020-02-10,0.7247
2020-02-11,0.5669
2020-02-12,0.88173
2020-02-13,1.07854
2020-02-14,0.7018
2020-02-15,0.59573
2020-02-16,0.67942
2020-02-17,0.80157
2020-02-18,0.56268
2020-02-19,0.54626
2020-02-20,0.57816
2020-02-21,0.45879
2020-02-22,0.35512
2020-02-23,0.37387
2020-02-24,0.54726
2020-02-25,0.51258
2020-02-26,0.60152
2020-02-27,0.64637
2020-02-28,0.53262
2020-02-29,0.35412
2020-03-01,0.38407
2020-03-02,0.42013
2020-03-03,0.42061
2020-03-04,0.45297
2020-03-05,0.49579
2020-03-06,0.42887
2020-03-07,0.34148
2020-03-08,0.38278
2020-03-09,1.23422
2020-03-10,0.69558
2020-03-11,0.53503
2020-03-12,2.05961
2020-03-13,3.63389
2020-03-14,0.99035
2020-03-15,0.71642
2020-03-16,1.21978
2020-03-17,1.18713
2020-03-18,1.05246
2020-03-19,1.39455
2020-03-20,1.35689
2020-03-21,0.75218
2020-03-22,0.62253
2020-03-23,0.9786
2020-03-24,0.98046
2020-03-25,1.05684
2020-03-26,0.83799
2020-03-27,0.80225
2020-03-28,0.64482
2020-03-29,0.57549
2020-03-30,0.71527
2020-03-31,0.63562
2020-04-01,0.55985
2020-04-02,0.55933
2020-04-03,0.5174
2020-04-04,0.37186
2020-04-05,0.3624
2020-04-06,0.68552
2020-04-07,0.86493
2020-04-08,0.6249
2020-04-09,0.57131
2020-04-10,0.57538
2020-04-11,0.40955
2020-04-12,0.41557
2020-04-13,0.58168
2020-04-14,0.46303
2020-04-15,0.38178
2020-04-16,0.56965
2020-04-17,0.49161
2020-04-18,0.36756
2020-04-19,0.38571
2020-04-20,0.45154
2020-04-21,0.49774
2020-04-22,0.46105
2020-04-23,0.48404
2020-04-24,0.60206
2020-04-25,0.40362
2020-04-26,0.39809
2020-04-27,0.55119
2020-04-28,0.55555
2020-04-29,0.75929
2020-04-30,1.76954
2020-05-01,0.63413
2020-05-02,0.46363
2020-05-03,0.48665
2020-05-04,0.52519
2020-05-05,0.41889
2020-05-06,0.54483
2020-05-07,0.56136
2020-05-08,0.73066
2020-05-09,0.46618
2020-05-10,0.95713
2020-05-11,0.78732
2020-05-12,0.64299
2020-05-13,0.45538
2020-05-14,0.51588
2020-05-15,0.43076
2020-05-16,0.29402
2020-05-17,0.30571
2020-05-18,0.46572
2020-05-19,0.43251
2020-05-20,0.40625
2020-05-21,0.41852
2020-05-22,0.39648
2020-05-23,0.28247
2020-05-24,0.28697
2020-05-25,0.42428
2020-05-26,0.39072
2020-05-27,0.38293
2020-05-28,0.38932
2020-05-29,0.37054
2020-05-30,0.31127
2020-05-31,0.33922
2020-06-01,0.39551
2020-06-02,0.59679
2020-06-03,0.57979
2020-06-04,0.42027
2020-06-05,0.38284
2020-06-06,0.27531
2020-06-07,0.30772
2020-06-08,0.41663
2020-06-09,0.37848
2020-06-10,0.37069
2020-06-11,0.40313
2020-06-12,0.48473
2020-06-13,0.24794
2020-06-14,0.23925
2020-06-15,0.51809
2020-06-16,0.51353
2020-06-17,0.482
2020-06-18,0.43595
2020-06-19,0.37031
2020-06-20,0.24295
2020-06-21,0.30901
2020-06-22,0.41938
2020-06-23,0.39955
2020-06-24,0.3872
2020-06-25,0.4066
2020-06-26,0.44314
2020-06-27,0.3001
2020-06-28,0.35653
2020-06-29,0.39551
2020-06-30,0.36742
2020-07-01,0.35779
2020-07-02,0.33965
2020-07-03,0.33787
2020-07-04,0.26909
2020-07-05,0.26737
2020-07-06,0.38505
2020-07-07,0.41981
2020-07-08,0.43706
2020-07-09,0.45099
2020-07-10,0.34807
2020-07-11,0.26083
2020-07-12,0.2694
2020-07-13,0.37464
2020-07-14,0.38897
2020-07-15,0.35209
2020-07-16,0.36289
2020-07-17,0.31122
2020-07-18,0.22624
2020-07-19,0.2355
2020-07-20,0.31431
2020-07-21,0.37619
2020-07-22,0.43027
2020-07-23,0.47025
2020-07-24,0.40502
2020-07-25,0.34567
2020-07-26,0.56776
2020-07-27,1.8759
2020-07-28,1.70457
2020-07-29,0.92291
2020-07-30,0.73444
2020-07-31,0.65921
2020-08-01,0.79578
2020-08-02,2.38502
2020-08-03,1.06109
2020-08-04,0.91807
2020-08-05,0.76798
2020-08-06,0.68469
2020-08-07,0.66961
2020-08-08,0.47613
2020-08-09,0.50513
2020-08-10,0.76058
2020-08-11,0.66288
2020-08-12,0.64336
2020-08-13,0.56354
2020-08-14,0.62651
2020-08-15,0.49691
2020-08-16,0.44337
2020-08-17,0.52405
2020-08-18,0.73665
2020-08-19,0.58535
2020-08-20,0.56148
2020-08-21,0.5354
2020-08-22,0.41898
2020-08-23,0.37003
2020-08-24,0.49484
2020-08-25,0.49149
2020-08-26,0.57595
2020-08-27,0.53382
2020-08-28,0.47791
2020-08-29,0.35286
2020-08-30,0.36424
2020-08-31,0.48524
2020-09-01,0.61163
2020-09-02,0.75691
2020-09-03,0.65328
2020-09-04,1.7005
2020-09-05,0.52628
2020-09-06,0.68928
2020-09-07,0.61103
2020-09-08,0.56136
2020-09-09,0.55024
2020-09-10,0.53987
2020-09-11,0.4624
2020-09-12,0.32724
2020-09-13,0.3696
2020-09-14,0.43053
2020-09-15,0.43136
2020-09-16,0.4244
2020-09-17,0.41614
2020-09-18,0.36888
2020-09-19,0.3011
2020-09-20,0.35455
2020-09-21,0.47633
2020-09-22,0.46048
2020-09-23,0.37223
2020-09-24,0.45065
2020-09-25,0.332
2020-09-26,0.26358
2020-09-27,0.26381
2020-09-28,0.32208
2020-09-29,0.30431
2020-09-30,0.22366
2020-10-01,0.23845
2020-10-02,0.30935
2020-10-03,0.28749
2020-10-04,0.30849
2020-10-05,0.38006
2020-10-06,0.39023
2020-10-07,0.40531
2020-10-08,0.34699
2020-10-09,0.30259
2020-10-10,0.31033
2020-10-11,0.30053
2020-10-12,0.37742
2020-10-13,0.40135
2020-10-14,0.35341
2020-10-15,0.3641
2020-10-16,0.7378
2020-10-17,0.26493
2020-10-18,0.26043
2020-10-19,0.41706
2020-10-20,0.44343
2020-10-21,0.62576
2020-10-22,4.91443
2020-10-23,0.77156
2020-10-24,0.42394
2020-10-25,0.56882
2020-10-26,0.63064
2020-10-27,0.66807
2020-10-28,1.01231
2020-10-29,0.64136
2020-10-30,0.58504
2020-10-31,0.53505
2020-11-01,0.5393
2020-11-02,0.71068
2020-11-03,0.66168
2020-11-04,0.57045
2020-11-05,0.9422
2020-11-06,4.13691
2020-11-07,0.91486
2020-11-08,0.96737
2020-11-09,1.04979
2020-11-10,0.87984
2020-11-11,0.92587
2020-11-12,0.91672
2020-11-13,1.35626
2020-11-14,0.76694
2020-11-15,0.69108
2020-11-16,0.99583
2020-11-17,1.43189
2020-11-18,8.96797
2020-11-19,3.28286
2020-11-20,2.46091
2020-11-21,3.25248
2020-11-22,4.20744
2020-11-23,3.63252
2020-11-24,8.50187
2020-11-25,4.19036
2020-11-26,4.90136
2020-11-27,3.39403
2020-11-28,1.90373
2020-11-29,1.88596
2020-11-30,2.43354
2020-12-01,4.13656
2020-12-02,2.56529
2020-12-03,2.13504
2020-12-04,1.8685
2020-12-05,1.3509
2020-12-06,1.3523
2020-12-07,1.61973
2020-12-08,1.43616
2020-12-09,1.9078
2020-12-10,1.53215
2020-12-11,1.3067
2020-12-12,1.16555
2020-12-13,1.15979
2020-12-14,1.25024
2020-12-15,1.34138
2020-12-16,1.62062
2020-12-17,11.85157
2020-12-18,3.85885
2020-12-19,1.91115
2020-12-20,2.07202
2020-12-21,2.91721
2020-12-22,2.35596
2020-12-23,8.39015
2020-12-24,7.97782
2020-12-25,3.26856
2020-12-26,3.15088
2020-12-27,8.40474
2020-12-28,5.61518
2020-12-29,6.47209
2020-12-30,5.21244
2020-12-31,3.70918
2021-01-01,2.9005
2021-01-02,3.14174
2021-01-03,11.2949
2021-01-04,16.21485
2021-01-05,6.61436
2021-01-06,6.89007
2021-01-07,11.27567
2021-01-08,11.61857
2021-01-09,7.61776
2021-01-10,7.01756
2021-01-11,17.33933
2021-01-12,12.05125
2021-01-13,6.50924
2021-01-14,6.4242
2021-01-15,5.59062
2021-01-16,3.97804
2021-01-17,3.54393
2021-01-18,4.00218
2021-01-19,4.31578
2021-01-20,3.76166
2021-01-21,4.66331
2021-01-22,8.86316
2021-01-23,3.79333
2021-01-24,2.90176
2021-01-25,3.65427
2021-01-26,3.22293
2021-01-27,2.91306
2021-01-28,2.84295
2021-01-29,4.19563
2021-01-30,3.42092
2021-01-31,11.24375
2021-02-01,14.88994
2021-02-02,7.22766
2021-02-03,4.02321
2021-02-04,3.71961
2021-02-05,3.06295
2021-02-06,2.66472
2021-02-07,2.42391
2021-02-08,5.38174
2021-02-09,21.29314
2021-02-10,7.56749
2021-02-11,4.97783
2021-02-12,6.72631
2021-02-13,6.30497
2021-02-14,5.76928
2021-02-15,7.92193
2021-02-16,7.1522
2021-02-17,10.01184
2021-02-18,10.4496
2021-02-19,8.83155
2021-02-20,14.48428
2021-02-21,10.26434
2021-02-22,20.34901
2021-02-23,26.08505
2021-02-24,13.73008
2021-02-25,8.52133
2021-02-26,8.26992
2021-02-27,5.51372
2021-02-28,6.78595
2021-03-01,6.51081
2021-03-02,5.79339
2021-03-03,5.34093
2021-03-04,5.02397
2021-03-05,4.79704
2021-03-06,3.12153
2021-03-07,3.0641
2021-03-08,3.94835
2021-03-09,5.66596
2021-03-10,5.39068
2021-03-11,5.12984
2021-03-12,4.78824
2021-03-13,5.42287
2021-03-14,7.47311
2021-03-15,9.04003
2021-03-16,8.00573
2021-03-17,6.2437
2021-03-18,5.90536
2021-03-19,5.0142
2021-03-20,4.48401
2021-03-21,5.48767
2021-03-22,5.53679
2021-03-23,8.64179
2021-03-24,5.7986
2021-03-25,7.87006
2021-03-26,4.57799
2021-03-27,3.10557
2021-03-28,2.96642
2021-03-29,4.13373
2021-03-30,4.81335
2021-03-31,6.08701
2021-04-01,6.1797
2021-04-02,7.82245
2021-04-03,6.582
2021-04-04,6.06463
2021-04-05,8.71402
2021-04-06,12.27804
2021-04-07,20.03578
2021-04-08,11.4442
2021-04-09,7.21712
2021-04-10,6.21071
2021-04-11,7.83959
2021-04-12,6.95754
2021-04-13,9.54069
2021-04-14,10.51818
2021-04-15,7.88874
2021-04-16,7.81959
2021-04-17,5.80978
2021-04-18,14.2227
2021-04-19,11.82859
2021-04-20,18.85844
2021-04-21,10.24187
2021-04-22,14.73159
2021-04-23,31.32891
2021-04-24,14.03145
2021-04-25,9.36185
2021-04-26,11.8083
2021-04-27,9.67293
2021-04-28,9.28857
2021-04-29,6.41781
2021-04-30,6.67681
2021-05-01,5.50939
2021-05-02,5.16415
2021-05-03,6.37359
2021-05-04,8.15967
2021-05-05,6.20621
2021-05-06,5.96099
2021-05-07,5.95219
2021-05-08,4.41509
2021-05-09,5.20823
2021-05-10,5.51134
2021-05-11,7.09485
2021-05-12,4.65927
2021-05-13,15.77027
2021-05-14,7.44626
2021-05-15,5.6827
2021-05-16,7.30258
2021-05-17,18.78163
2021-05-18,9.44101
2021-05-19,23.60854
2021-05-20,18.8679
2021-05-21,12.1027
2021-05-22,14.7019
2021-05-23,14.68843
2021-05-24,18.28246
2021-05-25,11.8827
2021-05-26,7.97535
2021-05-27,7.20204
2021-05-28,8.54412
2021-05-29,7.15736
2021-05-30,6.89271
2021-05-31,7.67588
2021-06-01,6.04531
2021-06-02,4.74683
2021-06-03,5.02119
2021-06-04,5.75573
2021-06-05,3.90333
2021-06-06,4.20893
2021-06-07,4.31469
2021-06-08,11.29551
2021-06-09,8.43713
2021-06-10,6.79002
2021-06-11,4.91997
2021-06-12,5.42121
2021-06-13,3.84764
2021-06-14,6.55111
2021-06-15,4.45077
2021-06-16,4.17236
2021-06-17,3.64395
2021-06-18,3.86343
2021-06-19,3.96584
2021-06-20,5.0735
2021-06-21,9.01074
2021-06-22,12.79069
2021-06-23,7.78989
2021-06-24,4.60657
2021-06-25,4.10627
2021-06-26,4.20469
2021-06-27,3.02684
2021-06-28,4.0472
2021-06-29,4.89626
2021-06-30,3.83893
2021-07-01,3.57299
2021-07-02,2.77726
2021-07-03,2.26814
2021-07-04,2.40729
2021-07-05,3.27002
2021-07-06,2.66646
2021-07-07,2.5258
2021-07-08,3.27977
2021-07-09,2.78741
2021-07-10,1.6494
2021-07-11,1.64392
2021-07-12,2.21048
2021-07-13,2.4264
2021-07-14,3.19344
2021-07-15,2.47722
2021-07-16,2.90609
2021-07-17,2.10865
2021-07-18,1.90533
2021-07-19,2.63898
2021-07-20,4.88345
2021-07-21,3.40321
2021-07-22,3.37904
2021-07-23,2.17717
2021-07-24,1.91089
2021-07-25,1.96601
2021-07-26,6.20412
2021-07-27,4.27259
2021-07-28,4.54073
2021-07-29,2.60751
2021-07-30,2.56681
2021-07-31,2.34028
2021-08-01,2.43612
2021-08-02,2.65165
2021-08-03,2.31019
2021-08-04,2.20853
2021-08-05,2.52081
2021-08-06,2.26659
2021-08-07,3.88754
2021-08-08,3.05991
2021-08-09,3.17023
2021-08-10,2.8243
2021-08-11,3.1667
2021-08-12,4.53394
2021-08-13,3.03486
2021-08-14,3.79407
2021-08-15,3.66376
2021-08-16,2.89411
2021-08-17,3.46439
2021-08-18,3.64599
2021-08-19,2.46538
2021-08-20,2.64632
2021-08-21,2.33074
2021-08-22,1.91849
2021-08-23,3.15114
2021-08-24,2.94126
2021-08-25,3.78146
2021-08-26,3.33356
2021-08-27,2.89047
2021-08-28,1.9491
2021-08-29,1.76624
2021-08-30,2.05293
2021-08-31,2.2719
2021-09-01,2.29007
2021-09-02,2.63264
2021-09-03,2.28643
2021-09-04,2.0229
2021-09-05,1.64937
2021-09-06,2.86883
2021-09-07,4.03955
2021-09-08,10.83356
2021-09-09,2.84378
2021-09-10,2.63835
2021-09-11,1.86753
2021-09-12,1.53473
2021-09-13,2.65285
2021-09-14,1.9955
2021-09-15,1.78943
2021-09-16,1.7581
2021-09-17,1.65117
2021-09-18,1.31332
2021-09-19,1.17011
2021-09-20,4.3982
2021-09-21,4.01487
2021-09-22,3.77673
2021-09-23,2.84078
2021-09-24,4.08171
2021-09-25,3.22723
2021-09-26,2.8038
2021-09-27,2.51505
2021-09-28,2.77093
2021-09-29,2.8153
2021-09-30,2.31016
2021-10-01,3.22709
2021-10-02,2.75795
2021-10-03,1.92095
2021-10-04,2.23934
2021-10-05,3.28148
2021-10-06,3.84391
2021-10-07,3.82056
2021-10-08,2.63319
2021-10-09,2.05353
2021-10-10,2.49141
2021-10-11,2.9768
2021-10-12,4.2915
2021-10-13,3.0467
2021-10-14,2.64282
2021-10-15,3.85784
2021-10-16,3.5396
2021-10-17,2.23278
2021-10-18,3.65722
2021-10-19,2.96393
2021-10-20,3.88602
2021-10-21,5.61274
2021-10-22,3.94824
2021-10-23,2.44406
2021-10-24,1.9366
2021-10-25,2.54059
2021-10-26,2.57037
2021-10-27,4.83791
2021-10-28,2.92154
2021-10-29,2.28832
2021-10-30,1.81772
2021-10-31,1.82769
2021-11-01,2.48946
2021-11-02,2.75941
2021-11-03,3.14761
2021-11-04,3.08439
2021-11-05,2.32819
2021-11-06,1.55181
2021-11-07,1.71454
2021-11-08,3.99306
2021-11-09,4.70152
2021-11-10,3.6326
2021-11-11,5.43118
2021-11-12,3.57133
2021-11-13,2.33148
2021-11-14,2.23338
2021-11-15,2.96493
2021-11-16,5.3399
2021-11-17,4.09535
2021-11-18,3.39054
2021-11-19,4.28196
2021-11-20,2.00447
2021-11-21,1.98458
2021-11-22,2.7846
2021-11-23,2.94946
2021-11-24,2.76898
2021-11-25,3.10918
2021-11-26,4.14918
2021-11-27,2.77391
2021-11-28,2.46143
2021-11-29,2.61705
2021-11-30,2.6323
2021-12-01,2.38522
2021-12-02,2.27324
2021-12-03,1.8111
2021-12-04,16.46932
2021-12-05,6.19569
2021-12-06,7.35483
2021-12-07,4.32469
2021-12-08,3.51759
2021-12-09,3.39873
2021-12-10,3.78118
2021-12-11,2.53256
2021-12-12,2.38066
2021-12-13,3.38386
2021-12-14,6.19489
2021-12-15,3.58342
2021-12-16,3.39977
2021-12-17,2.71719
2021-12-18,2.14903
2021-12-19,1.85713
2021-12-20,3.48962
2021-12-21,2.88397
2021-12-22,2.42276
2021-12-23,2.15617
2021-12-24,2.22028
2021-12-25,1.57666
2021-12-26,1.54903
2021-12-27,1.78427
2021-12-28,2.56363
2021-12-29,3.5821
2021-12-30,2.97129
2021-12-31,2.1269
2022-01-01,1.94302
2022-01-02,1.65819
2022-01-03,2.11384
2022-01-04,2.39992
2022-01-05,2.18887
2022-01-06,5.8902
2022-01-07,4.63385
2022-01-08,2.91799
2022-01-09,2.93833
2022-01-10,4.34985
2022-01-11,3.82144
2022-01-12,2.82023
2022-01-13,2.43801
2022-01-14,2.41305
2022-01-15,1.68777
2022-01-16,2.90131
2022-01-17,2.31658
2022-01-18,3.04825
2022-01-19,3.19642
2022-01-20,2.48318
2022-01-21,5.74564
2022-01-22,9.47357
2022-01-23,6.03637
2022-01-24,6.98649
2022-01-25,5.59446
2022-01-26,4.40697
2022-01-27,4.02889
2022-01-28,2.78225
2022-01-29,2.16958
2022-01-30,2.13418
2022-01-31,2.26063
2022-02-01,2.18503
2022-02-02,2.13834
2022-02-03,2.81805
2022-02-04,2.36364
2022-02-05,4.09372
2022-02-06,2.46157
2022-02-07,3.70448
2022-02-08,5.04512
2022-02-09,2.93412
2022-02-10,2.7335
2022-02-11,2.39158
2022-02-12,2.4524
2022-02-13,2.16133
2022-02-14,2.65787
2022-02-15,2.5712
2022-02-16,2.40216
2022-02-17,2.44283
2022-02-18,3.33577
2022-02-19,2.69424
2022-02-20,3.13655
2022-02-21,3.27678
2022-02-22,4.12289
2022-02-23,2.64832
2022-02-24,5.2475
2022-02-25,3.53071
2022-02-26,2.32486
2022-02-27,2.20503
2022-02-28,2.6728
2022-03-01,5.06705
2022-03-02,3.27495
2022-03-03,2.49055
2022-03-04,2.77185
2022-03-05,2.591
2022-03-06,2.03379
2022-03-07,2.57274
2022-03-08,2.48298
2022-03-09,2.69578
2022-03-10,3.0232
2022-03-11,1.95669
2022-03-12,2.45678
2022-03-13,1.57333
2022-03-14,2.12005
2022-03-15,2.00232
2022-03-16,2.34117
2022-03-17,2.36324
2022-03-18,1.9237
2022-03-19,1.92539
2022-03-20,1.60314
2022-03-21,1.76011
2022-03-22,2.48404
2022-03-23,1.93614
2022-03-24,1.81313
2022-03-25,1.97876
2022-03-26,2.02585
2022-03-27,1.99555
2022-03-28,3.08874
2022-03-29,2.51772
2022-03-30,2.33111
2022-03-31,2.09151
2022-04-01,2.01011
2022-04-02,1.39369
2022-04-03,1.28942
2022-04-04,1.89934
2022-04-05,1.77946
2022-04-06,2.5757
2022-04-07,2.5207
2022-04-08,1.50896
2022-04-09,1.22614
2022-04-10,1.09829
2022-04-11,2.35799
2022-04-12,2.68008
2022-04-13,1.6048
2022-04-14,1.47746
2022-04-15,2.04508
2022-04-16,1.15317
2022-04-17,1.12752
2022-04-18,2.36318
2022-04-19,1.59606
2022-04-20,1.45935
2022-04-21,1.43378
2022-04-22,1.4772
2022-04-23,1.16807
2022-04-24,1.12741
2022-04-25,2.25209
2022-04-26,1.57992
2022-04-27,2.12696
2022-04-28,1.50787
2022-04-29,1.55189
2022-04-30,1.3237
2022-05-01,2.03479
2022-05-02,1.56622
2022-05-03,1.38357
2022-05-04,1.51409
2022-05-05,1.72013
2022-05-06,3.12259
2022-05-07,1.41415
2022-05-08,2.15207
2022-05-09,3.49297
2022-05-10,5.32772
2022-05-11,4.79635
2022-05-12,10.04609
2022-05-13,6.25849
2022-05-14,3.45666
2022-05-15,2.48479
2022-05-16,3.13437
2022-05-17,2.68185
